ID,first_name,last_name,payment_method,payment_date,amount
1,Michael,Hodges,Visa,2024-10-01,975.76
2,Edward,Ward,Visa,2024-08-29,946.25
3,Nicholas,Wright,American Express,2024-09-14,28.51
4,Ray,Carr,Cash,2024-08-08,189.66
5,Brittany,Miranda,American Express,2024-09-17,95.29
6,Kelly,Galloway,Mastercard,2024-10-08,834.16
7,Morgan,Erickson,Visa,2024-10-21,943.17
8,Glen,Mayer,PayPal,2024-09-29,977.32
9,Edgar,Trevino,Mastercard,2024-10-01,895.36
10,David,Carter,PayPal,2024-09-27,316.79
11,Ashley,Hunter,Visa,2024-09-17,295.02
12,Lindsey,Bass,American Express,2024-09-21,576.47
13,Karen,Smith,Visa,2024-08-27,256.49
14,April,Lee,PayPal,2024-10-21,600.61
15,William,Lewis,Mastercard,2024-09-05,407.76
16,Randy,Johnson,Mastercard,2024-09-21,692.93
17,Gary,Cooley,Mastercard,2024-08-30,545.24
18,Edward,Hodges,Visa,2024-08-08,387.93
19,Dominique,Cardenas,Mastercard,2024-08-22,824.75
20,Holly,Rivera,Cash,2024-08-26,729.58
21,Keith,Mccormick,Visa,2024-09-10,993.65
22,Denise,Buckley,American Express,2024-08-29,44.93
23,Meghan,Murphy,Mastercard,2024-10-03,311.87
24,Heather,Lawson,Visa,2024-11-04,506.92
25,Trevor,Welch,Cash,2024-08-16,406.18
26,Tracy,Bryant,Mastercard,2024-11-02,642.29
27,Carla,Martinez,PayPal,2024-11-02,349.72
28,Karen,Miller,Cash,2024-09-19,59.16
29,Paul,Brandt,Visa,2024-09-14,500.89
30,Nancy,Blankenship,Visa,2024-08-22,783.58
31,Jacob,Boyd,Cash,2024-10-17,276.11
32,Sean,Andrade,PayPal,2024-10-02,682.37
33,Michael,Mcdowell,Cash,2024-10-02,926.69
34,David,Montoya,Cash,2024-09-08,803.1
35,Donna,Ware,Visa,2024-09-23,100.29
36,Monica,Mccall,PayPal,2024-10-06,505.92
37,Kara,Gardner,Visa,2024-10-12,25.29
38,Crystal,Kelly,Visa,2024-08-31,758.72
39,Leah,Mcguire,Mastercard,2024-08-07,127.49
40,Tiffany,Brewer,Visa,2024-10-07,134.8
41,Allen,Merritt,Cash,2024-10-28,110.94
42,David,Meyer,PayPal,2024-10-26,281.99
43,Todd,Smith,Mastercard,2024-11-04,621.47
44,Patrick,Green,PayPal,2024-09-04,669.28
45,Robin,Stephens,Visa,2024-08-19,622.5
46,Kelly,Anderson,Cash,2024-08-24,448.12
47,Chelsea,Bishop,Mastercard,2024-08-28,791.36
48,Rebecca,Jennings,Cash,2024-09-18,334.0
49,Mary,Hernandez,Cash,2024-10-26,35.75
50,Matthew,Garcia,Mastercard,2024-10-13,241.15
51,Karen,Maynard,American Express,2024-10-05,744.02
52,Stephen,Evans,Cash,2024-09-06,764.29
53,Christina,Turner,American Express,2024-10-16,713.24
54,Diane,Webb,Mastercard,2024-11-02,700.46
55,Cheryl,Reynolds,Cash,2024-09-19,205.81
56,Andrew,Medina,Mastercard,2024-08-24,159.74
57,Anna,Moran,Mastercard,2024-10-23,528.15
58,Sabrina,Soto,Cash,2024-08-28,455.66
59,Lori,Maxwell,Visa,2024-10-24,995.2
60,Suzanne,Snyder,PayPal,2024-10-26,71.98
61,Kelly,Smith,American Express,2024-08-08,656.21
62,Cassandra,Knight,Visa,2024-08-26,153.15
63,Amy,Myers,American Express,2024-09-26,826.29
64,Tonya,Carter,Cash,2024-08-31,468.11
65,Walter,Nunez,Cash,2024-08-20,891.01
66,Michael,Wright,PayPal,2024-10-24,328.46
67,Stacey,Gay,PayPal,2024-08-21,75.83
68,Benjamin,Mills,Visa,2024-10-21,236.1
69,Eric,Jones,Cash,2024-09-12,138.16
70,Jeffrey,Thompson,PayPal,2024-09-14,589.37
71,Steven,Thompson,Cash,2024-08-12,980.46
72,Leah,Gutierrez,Visa,2024-08-07,250.31
73,Travis,Hull,Mastercard,2024-09-06,771.84
74,Samuel,Parsons,Visa,2024-10-22,306.86
75,Sara,Dennis,Visa,2024-08-27,511.7
76,Jason,Ramirez,Cash,2024-08-10,774.76
77,Emily,Rodriguez,Cash,2024-10-05,226.65
78,Mary,White,Visa,2024-08-20,31.72
79,Sarah,Cohen,PayPal,2024-08-09,65.93
80,Jeremy,Rogers,Visa,2024-08-08,136.27
81,Matthew,Hunt,Mastercard,2024-08-31,97.61
82,Richard,Mckay,Visa,2024-09-26,633.03
83,Tracey,May,American Express,2024-09-08,503.75
84,Deborah,Garcia,Cash,2024-09-28,52.33
85,Brian,Robinson,Mastercard,2024-08-09,625.37
86,Helen,Mata,Visa,2024-10-13,685.69
87,Kara,Shaw,Mastercard,2024-08-11,281.83
88,Jack,Thompson,PayPal,2024-08-18,669.81
89,Kevin,Cameron,Visa,2024-09-03,209.79
90,Robert,Small,Visa,2024-08-19,657.1
91,Ian,Davis,Mastercard,2024-09-05,168.59
92,Thomas,Rhodes,Cash,2024-09-07,391.78
93,Linda,Murphy,PayPal,2024-11-04,470.22
94,Alex,Ritter,Mastercard,2024-09-26,771.59
95,Joshua,Archer,American Express,2024-08-09,398.29
96,William,Day,PayPal,2024-10-26,951.19
97,John,Faulkner,Visa,2024-10-17,642.68
98,Scott,Gonzalez,Visa,2024-10-02,276.45
99,Bailey,Woodward,Visa,2024-10-28,433.57
100,Destiny,Fox,Cash,2024-08-20,825.27
101,Stephanie,Scott,American Express,2024-08-23,949.2
102,Christopher,Glover,American Express,2024-09-25,465.53
103,Yolanda,Miller,PayPal,2024-11-04,572.92
104,Rebekah,Shelton,PayPal,2024-08-20,439.65
105,Sonya,Cortez,American Express,2024-11-04,521.17
106,Alexis,Santiago,Cash,2024-09-13,174.35
107,Jordan,Cole,Visa,2024-11-04,276.63
108,Cody,Welch,Visa,2024-09-07,581.5
109,Daniel,Porter,Mastercard,2024-11-02,778.09
110,Stephanie,Rodriguez,Cash,2024-10-29,415.57
111,Cassidy,Myers,American Express,2024-10-30,685.79
112,Jeremy,Jackson,American Express,2024-09-09,443.34
113,Paula,Villarreal,Mastercard,2024-09-02,31.9
114,Martha,Rodriguez,Visa,2024-10-08,412.83
115,Laura,Davis,Cash,2024-10-21,366.04
116,Rodney,Benjamin,Mastercard,2024-10-10,675.5
117,Julie,Forbes,PayPal,2024-08-13,531.89
118,Teresa,Jones,PayPal,2024-09-30,399.9
119,David,Meyer,Mastercard,2024-08-24,894.58
120,Justin,Allen,American Express,2024-09-16,162.49
121,Elizabeth,Collins,Visa,2024-10-24,55.4
122,Veronica,Richmond,Mastercard,2024-10-10,130.65
123,Kelly,Thompson,Visa,2024-10-22,233.84
124,Thomas,Barr,Cash,2024-08-25,239.36
125,Sara,Decker,Mastercard,2024-10-06,117.45
126,Nicole,Carter,PayPal,2024-08-08,321.64
127,Angela,Nelson,PayPal,2024-08-15,160.08
128,Melissa,Webster,Mastercard,2024-10-30,634.02
129,Douglas,Burton,Mastercard,2024-09-13,614.16
130,Robert,Townsend,American Express,2024-09-11,950.96
131,John,Dixon,Visa,2024-09-26,653.5
132,Mary,Woods,PayPal,2024-09-16,741.39
133,Seth,Dickson,Mastercard,2024-08-27,515.14
134,David,Rose,PayPal,2024-10-18,157.78
135,Jennifer,Moses,Cash,2024-11-04,72.7
136,Jordan,Bonilla,Mastercard,2024-09-29,842.65
137,Benjamin,Williams,Cash,2024-09-27,759.2
138,Cole,Williamson,Visa,2024-10-08,355.3
139,Edward,Chavez,PayPal,2024-09-05,890.08
140,Nicole,Smith,PayPal,2024-10-10,139.34
141,Wanda,Parker,Visa,2024-10-29,730.14
142,Rachel,Frazier,Mastercard,2024-09-09,660.19
143,Stephanie,Wilson,PayPal,2024-08-16,543.42
144,Christine,Gonzalez,Cash,2024-09-01,196.22
145,Cynthia,Price,American Express,2024-09-19,21.98
146,Leslie,Bates,Visa,2024-09-21,667.19
147,Breanna,Sutton,American Express,2024-09-10,679.5
148,Sarah,Lewis,American Express,2024-09-09,18.86
149,Lisa,Benjamin,Visa,2024-08-28,347.35
150,Brian,Price,Mastercard,2024-08-27,901.89
151,Emma,Alvarez,Visa,2024-09-09,983.28
152,Patricia,Hansen,American Express,2024-08-24,161.66
153,Amber,Aguilar,Visa,2024-10-16,371.19
154,David,Thomas,Mastercard,2024-09-24,126.4
155,Timothy,Benjamin,American Express,2024-09-13,856.86
156,Mary,Roberts,Visa,2024-08-21,413.2
157,Keith,Barnett,Mastercard,2024-09-07,138.07
158,Anthony,Elliott,PayPal,2024-09-07,379.55
159,Mitchell,Allen,American Express,2024-09-23,179.02
160,Matthew,Gilbert,American Express,2024-08-07,693.44
161,Gary,Summers,American Express,2024-09-18,460.57
162,Stacy,Hernandez,PayPal,2024-10-25,980.58
163,Misty,Hampton,Visa,2024-09-23,772.56
164,Rhonda,Colon,American Express,2024-09-30,222.98
165,Aaron,Parrish,Visa,2024-08-12,899.04
166,Benjamin,Allen,Cash,2024-10-16,480.6
167,Robert,Johnson,Cash,2024-09-22,279.56
168,David,Doyle,American Express,2024-09-19,116.93
169,Robert,Young,PayPal,2024-08-12,152.42
170,Kimberly,Byrd,Cash,2024-10-20,69.73
171,Xavier,Wilson,Cash,2024-11-02,860.38
172,Chad,Mooney,PayPal,2024-10-16,588.53
173,David,Phillips,Mastercard,2024-08-16,833.45
174,Karen,Dunlap,Cash,2024-08-11,724.84
175,Carla,Pace,Cash,2024-10-21,620.23
176,Cameron,Allen,Mastercard,2024-09-16,649.06
177,Michael,Lindsey,Cash,2024-10-15,536.37
178,Jeffrey,Cook,American Express,2024-08-19,854.28
179,Mike,James,Cash,2024-10-04,508.31
180,Lori,Wall,American Express,2024-10-04,249.9
181,Marcus,Bell,American Express,2024-08-31,963.03
182,James,Robinson,Mastercard,2024-10-08,873.71
183,Robert,Allen,Mastercard,2024-10-12,164.78
184,Matthew,Lara,Mastercard,2024-08-09,659.37
185,William,Salinas,American Express,2024-09-29,953.95
186,Curtis,Wyatt,American Express,2024-08-11,784.79
187,Jamie,Sanchez,Visa,2024-11-03,514.14
188,Kristin,Thornton,Mastercard,2024-08-23,24.71
189,Thomas,Powers,PayPal,2024-10-27,816.2
190,Kylie,Fox,Cash,2024-09-18,735.39
191,Lisa,Steele,American Express,2024-09-13,862.89
192,Jesse,Solomon,Mastercard,2024-09-21,892.25
193,Jessica,Rodriguez,Visa,2024-09-16,516.29
194,Gary,Lawrence,PayPal,2024-08-27,225.15
195,David,Fisher,Mastercard,2024-09-23,452.56
196,Shawna,Blake,Visa,2024-08-27,814.22
197,Marco,Vazquez,Mastercard,2024-08-30,805.41
198,Wayne,Wood,PayPal,2024-09-25,498.59
199,Amber,Johnson,PayPal,2024-11-03,965.48
200,Sarah,Rios,Cash,2024-10-11,465.41
201,Nancy,Quinn,Cash,2024-08-25,177.58
202,Aaron,Fuller,Mastercard,2024-09-20,868.8
203,Christina,Mahoney,Visa,2024-10-09,199.46
204,Steven,Owens,American Express,2024-08-19,878.07
205,Virginia,Gomez,Cash,2024-10-02,480.88
206,Russell,Moore,Cash,2024-08-09,32.33
207,Robin,Cardenas,Mastercard,2024-08-08,895.19
208,Phillip,Harrison,PayPal,2024-09-25,224.23
209,Scott,Odonnell,Cash,2024-10-10,251.11
210,Patrick,Davis,Mastercard,2024-08-12,262.21
211,Luis,Jackson,Visa,2024-09-10,994.03
212,Lisa,Kelley,Mastercard,2024-09-08,761.82
213,Ryan,Schultz,PayPal,2024-09-07,246.48
214,Tyler,Allen,PayPal,2024-08-28,454.57
215,Laurie,Johnson,Mastercard,2024-10-31,728.73
216,Jessica,Ellison,American Express,2024-08-16,21.83
217,Andrew,Evans,American Express,2024-11-01,787.48
218,Kathryn,Gomez,Visa,2024-08-29,130.76
219,Christopher,Anderson,Cash,2024-10-05,717.71
220,Daniel,Cowan,American Express,2024-08-21,66.45
221,Christine,Miller,Mastercard,2024-09-01,737.7
222,Cindy,Powell,Visa,2024-09-21,38.66
223,Jessica,Wilson,Cash,2024-10-11,940.99
224,Dale,Walker,Visa,2024-10-08,532.4
225,Anna,Jones,Mastercard,2024-10-13,448.86
226,Scott,Fischer,Mastercard,2024-09-18,561.52
227,Craig,Hahn,American Express,2024-10-24,673.64
228,John,Wright,Cash,2024-08-15,24.2
229,Jeffrey,Vaughn,Mastercard,2024-09-25,678.49
230,Brian,Evans,American Express,2024-10-21,164.91
231,Jason,Butler,Mastercard,2024-09-27,689.02
232,Michael,Allen,PayPal,2024-10-04,809.14
233,Arthur,Floyd,PayPal,2024-10-26,578.19
234,Alyssa,Jackson,Cash,2024-10-31,692.8
235,Laura,Pace,Mastercard,2024-08-30,266.32
236,Ashley,White,Cash,2024-09-02,581.92
237,Rhonda,Norton,Mastercard,2024-09-09,331.57
238,Kristine,Marshall,Visa,2024-08-18,297.31
239,Michelle,Stevens,Cash,2024-08-19,347.75
240,Kendra,Bridges,Visa,2024-10-17,983.27
241,Frederick,Rodriguez,Visa,2024-10-07,273.02
242,Stephanie,Peterson,Visa,2024-09-16,884.86
243,Ryan,Gomez,Visa,2024-08-09,887.58
244,Jacob,Parrish,PayPal,2024-09-12,753.53
245,Jeffery,Skinner,American Express,2024-10-25,86.62
246,Jessica,Waters,Cash,2024-10-03,411.65
247,Danielle,Velez,American Express,2024-09-26,818.07
248,Lisa,Orr,Cash,2024-10-15,348.51
249,Teresa,Blevins,Cash,2024-08-16,251.9
250,Meghan,Finley,Cash,2024-09-24,998.57
251,Jeffrey,Davis,Visa,2024-10-03,998.34
252,Laura,Hester,PayPal,2024-09-02,97.22
253,Gregory,Anderson,PayPal,2024-09-10,53.43
254,George,Stephens,PayPal,2024-10-30,582.52
255,Carl,Murphy,American Express,2024-09-10,625.1
256,Charles,Hughes,American Express,2024-09-25,817.45
257,Charles,Melton,Mastercard,2024-09-16,423.29
258,Donna,Smith,Visa,2024-08-14,994.26
259,Michelle,Hudson,Cash,2024-08-08,582.93
260,David,Perry,Cash,2024-10-02,74.86
261,Levi,Myers,Visa,2024-08-23,81.94
262,Scott,Phillips,Visa,2024-09-28,417.17
263,Jennifer,Woods,American Express,2024-11-04,44.77
264,Bobby,Smith,PayPal,2024-08-13,140.4
265,Mark,Evans,American Express,2024-10-20,30.17
266,Michael,Mcfarland,Visa,2024-08-31,103.71
267,Donald,Robinson,Cash,2024-08-25,694.56
268,Kevin,Wilson,Cash,2024-10-12,801.06
269,Nathan,Arnold,Cash,2024-11-04,763.16
270,Jordan,Chapman,American Express,2024-09-29,675.02
271,Natalie,Robles,American Express,2024-09-27,575.72
272,Catherine,Evans,Cash,2024-10-17,237.61
273,John,Hayes,Mastercard,2024-10-13,39.26
274,Juan,Lewis,PayPal,2024-10-28,714.04
275,Rebecca,Fernandez,American Express,2024-10-22,102.42
276,Ashley,Clark,PayPal,2024-08-16,936.13
277,Kevin,Mckay,Mastercard,2024-08-16,140.93
278,Kimberly,Webb,Mastercard,2024-10-05,42.0
279,Erin,Smith,Visa,2024-10-29,815.11
280,Brian,Lee,Mastercard,2024-09-23,240.29
281,Daniel,Reeves,American Express,2024-11-02,115.61
282,Patricia,Leblanc,American Express,2024-10-06,488.02
283,Deborah,Lyons,Mastercard,2024-10-23,217.44
284,Emily,Fuentes,Cash,2024-09-18,15.36
285,Jesse,Robinson,Mastercard,2024-10-08,999.19
286,Taylor,Barnes,Cash,2024-09-14,743.91
287,Angela,Wright,Mastercard,2024-11-01,365.02
288,Janet,Harper,Visa,2024-10-07,365.61
289,Kenneth,Scott,American Express,2024-09-13,474.24
290,Melody,Cordova,Cash,2024-09-30,378.49
291,Deborah,Owens,Cash,2024-10-17,913.78
292,Lisa,Pope,Cash,2024-11-04,618.28
293,Felicia,Hobbs,American Express,2024-10-31,919.23
294,Mark,Mcbride,Mastercard,2024-10-22,592.7
295,Todd,Ellis,Cash,2024-09-10,854.71
296,Megan,Cooper,PayPal,2024-10-29,207.33
297,James,Carlson,Visa,2024-10-04,669.03
298,Elizabeth,Cox,American Express,2024-08-21,692.33
299,Kimberly,Figueroa,American Express,2024-08-19,997.04
300,Barbara,Ward,PayPal,2024-08-09,244.02
301,Scott,Yang,Mastercard,2024-08-16,760.2
302,Michael,Freeman,PayPal,2024-08-10,841.09
303,Aaron,Patel,Cash,2024-08-13,310.1
304,William,Prince,Mastercard,2024-08-14,587.03
305,Jeffrey,Morgan,American Express,2024-09-30,736.5
306,Corey,Meadows,American Express,2024-08-20,287.69
307,Michael,Lyons,Visa,2024-09-26,470.62
308,Tony,Jackson,Mastercard,2024-09-04,474.85
309,Sherry,Hicks,Cash,2024-08-13,198.7
310,James,Robinson,Mastercard,2024-10-15,612.78
311,Elizabeth,Mitchell,American Express,2024-09-12,988.99
312,Samantha,Ruiz,Visa,2024-08-07,132.31
313,Kristin,Gardner,Visa,2024-10-18,93.81
314,Ryan,Jackson,Visa,2024-09-01,21.0
315,Ana,Wilson,PayPal,2024-10-20,634.01
316,Claudia,Malone,Visa,2024-08-30,578.06
317,James,Hernandez,Cash,2024-11-04,78.53
318,Terri,Hudson,Cash,2024-10-04,774.16
319,Holly,Giles,American Express,2024-09-14,647.71
320,Zachary,Ellison,Mastercard,2024-09-27,389.19
321,Mark,Riley,PayPal,2024-09-23,741.62
322,Gregory,Gonzalez,American Express,2024-09-27,138.64
323,Anthony,Malone,PayPal,2024-08-09,701.14
324,Jennifer,Day,Visa,2024-10-13,579.9
325,Travis,Kelly,Visa,2024-10-06,473.68
326,Jennifer,Frye,PayPal,2024-10-19,501.57
327,Daniel,Clark,American Express,2024-10-12,624.28
328,Richard,Oneill,PayPal,2024-09-02,386.0
329,Ashley,Washington,American Express,2024-08-21,430.43
330,Jonathan,Aguirre,PayPal,2024-10-07,426.18
331,Isabella,Anderson,Mastercard,2024-10-12,118.43
332,Angela,Valdez,American Express,2024-08-29,700.61
333,Catherine,Franklin,Cash,2024-08-21,382.44
334,David,Leonard,Mastercard,2024-10-13,651.07
335,Alexis,Kidd,PayPal,2024-09-10,505.87
336,Anna,Carr,Cash,2024-09-28,243.85
337,Kevin,Martin,PayPal,2024-09-22,985.4
338,Steven,Faulkner,PayPal,2024-11-02,305.04
339,Monica,Drake,PayPal,2024-09-30,285.44
340,Eric,Cobb,Cash,2024-08-23,915.12
341,Jacob,Turner,Cash,2024-09-25,786.91
342,Elizabeth,Barrera,Visa,2024-09-24,805.02
343,Jennifer,Lewis,American Express,2024-08-11,310.51
344,James,Jacobs,American Express,2024-08-19,46.93
345,Henry,Chung,Cash,2024-08-17,338.04
346,Kevin,Perkins,Mastercard,2024-08-16,836.97
347,Tanner,Burgess,Visa,2024-09-13,236.68
348,Jim,Cook,PayPal,2024-10-24,622.41
349,Rachel,Phillips,American Express,2024-09-12,44.49
350,James,Carroll,American Express,2024-11-02,333.47
351,Allen,Delgado,Cash,2024-11-03,908.12
352,Jennifer,Simpson,Mastercard,2024-11-03,582.65
353,Martha,Lowery,PayPal,2024-09-19,802.15
354,Kim,Miller,Visa,2024-09-01,397.92
355,Michael,Martin,Visa,2024-08-13,684.62
356,Kimberly,Mason,PayPal,2024-10-21,262.95
357,Daniel,Reed,Mastercard,2024-09-01,32.36
358,Melissa,King,Mastercard,2024-08-20,949.28
359,Ashley,Ho,Mastercard,2024-10-02,392.83
360,Jessica,Thomas,American Express,2024-10-05,678.17
361,Joshua,Graham,Cash,2024-08-21,277.13
362,Aaron,Huffman,Visa,2024-09-07,903.97
363,Jennifer,Galvan,Cash,2024-10-30,808.91
364,Steven,Mccarthy,American Express,2024-09-15,475.96
365,Jennifer,Montgomery,Mastercard,2024-09-15,445.44
366,Keith,Mcdonald,American Express,2024-10-08,429.35
367,Timothy,Ellison,Visa,2024-08-16,420.47
368,Kim,Guzman,Visa,2024-08-08,44.01
369,Patricia,Robles,American Express,2024-08-07,72.85
370,Shelly,Roberson,American Express,2024-10-15,38.43
371,Dennis,Tucker,PayPal,2024-10-16,675.27
372,Jennifer,Hill,PayPal,2024-09-14,481.61
373,Pam,Page,Mastercard,2024-10-31,154.75
374,Bailey,Hayes,PayPal,2024-11-01,595.82
375,Tyler,Ritter,PayPal,2024-09-01,522.8
376,Nathan,Shah,Visa,2024-09-07,505.75
377,Cassandra,Warren,American Express,2024-10-01,461.98
378,Jon,Cox,Visa,2024-09-05,255.54
379,Kenneth,Oliver,PayPal,2024-09-20,474.12
380,Bernard,Marquez,PayPal,2024-10-07,73.66
381,Jared,Cooper,PayPal,2024-10-26,146.93
382,Kayla,Vega,Mastercard,2024-08-08,586.99
383,Michael,Hoffman,Mastercard,2024-08-24,870.68
384,Samantha,Hall,Cash,2024-08-22,226.84
385,Laura,Bolton,PayPal,2024-08-30,473.53
386,Michelle,Wise,PayPal,2024-08-18,455.87
387,Alexandra,Wheeler,Visa,2024-09-14,548.9
388,Kent,Sanchez,PayPal,2024-08-08,906.55
389,Thomas,Swanson,Visa,2024-08-09,736.56
390,Ronald,Hess,Cash,2024-09-18,893.08
391,Sandra,Davis,PayPal,2024-08-29,549.74
392,John,Young,Cash,2024-09-06,780.51
393,Christina,Lambert,American Express,2024-09-15,997.16
394,Tiffany,Bond,Mastercard,2024-10-12,823.75
395,Ashley,Cox,Mastercard,2024-08-07,723.52
396,John,Johnson,Visa,2024-08-10,423.33
397,Cheryl,Alexander,Mastercard,2024-09-02,966.79
398,Beverly,Vasquez,Cash,2024-10-26,123.69
399,Tiffany,Love,PayPal,2024-09-22,607.3
400,Justin,Johnson,PayPal,2024-09-30,238.2
401,Brian,Smith,Cash,2024-09-18,425.08
402,Lorraine,Vega,Visa,2024-10-26,293.65
403,Gregory,Lucas,Mastercard,2024-08-21,638.9
404,James,Oconnell,Mastercard,2024-11-04,213.32
405,Randy,Carter,PayPal,2024-10-13,726.41
406,Danielle,Franklin,PayPal,2024-10-12,746.4
407,Judy,Williams,Cash,2024-10-01,794.95
408,Walter,Foley,Visa,2024-08-08,206.68
409,Amanda,Oneal,Mastercard,2024-10-22,823.82
410,Scott,Nguyen,Cash,2024-10-24,661.23
411,Alfred,Goodwin,Visa,2024-09-30,480.49
412,Darrell,Edwards,Visa,2024-09-19,800.33
413,James,Browning,PayPal,2024-09-07,170.29
414,Jeffery,Smith,Cash,2024-09-21,191.05
415,Michael,Carter,Mastercard,2024-10-24,409.65
416,Penny,Clark,Cash,2024-08-23,900.05
417,Meghan,Peterson,PayPal,2024-10-25,68.54
418,Michael,Robinson,PayPal,2024-10-08,553.48
419,Melissa,Scott,Cash,2024-09-21,494.34
420,Olivia,Bradley,Cash,2024-09-02,534.47
421,Alejandro,Jones,Cash,2024-10-15,664.63
422,Timothy,Anderson,American Express,2024-10-08,172.87
423,Stephanie,Lawrence,American Express,2024-09-14,380.72
424,Michael,Harrington,PayPal,2024-11-03,538.05
425,Pamela,Medina,Mastercard,2024-09-20,836.46
426,Zachary,Santos,Visa,2024-10-24,191.59
427,Gary,Stewart,Cash,2024-09-23,799.54
428,Erin,Powers,Mastercard,2024-08-12,625.66
429,Matthew,Farrell,Cash,2024-11-01,33.23
430,Jennifer,Pruitt,Cash,2024-09-01,529.51
431,Tyler,Booker,Visa,2024-10-04,693.54
432,James,Hernandez,Visa,2024-11-02,422.14
433,Tracy,Smith,Visa,2024-08-10,53.34
434,Richard,Aguilar,American Express,2024-10-05,725.11
435,Janet,Mueller,American Express,2024-08-21,635.15
436,Daniel,Cook,PayPal,2024-08-19,173.06
437,Ralph,Singh,PayPal,2024-10-16,61.5
438,Richard,Dodson,American Express,2024-10-25,586.99
439,Paul,Silva,Mastercard,2024-08-25,393.75
440,Trevor,Oconnor,Visa,2024-09-02,740.13
441,Cassandra,Thomas,PayPal,2024-09-04,710.01
442,Ariel,Aguirre,Visa,2024-09-18,537.33
443,Bradley,Blake,Mastercard,2024-09-18,244.62
444,Robert,Williams,American Express,2024-09-25,599.22
445,Jacqueline,Robertson,Mastercard,2024-10-16,406.45
446,Sean,Lopez,Visa,2024-09-17,85.6
447,Stephen,Butler,Cash,2024-09-17,264.19
448,Ariana,Roberts,PayPal,2024-09-28,690.01
449,Susan,Henry,American Express,2024-10-31,347.2
450,Tony,Cruz,PayPal,2024-10-25,883.65
451,Pamela,Randolph,Cash,2024-09-03,352.34
452,Rebecca,Edwards,Mastercard,2024-10-18,221.47
453,Keith,Lyons,American Express,2024-09-26,288.53
454,Ariana,Santana,PayPal,2024-08-20,987.86
455,David,Carney,Cash,2024-10-04,282.91
456,Erik,Clay,Cash,2024-08-07,787.82
457,Lauren,Jackson,PayPal,2024-10-16,13.03
458,Sherry,Calhoun,American Express,2024-10-01,459.47
459,William,Morton,Cash,2024-10-07,620.13
460,Loretta,Marshall,Mastercard,2024-10-15,145.79
461,Christine,Mitchell,Mastercard,2024-10-09,94.86
462,Kellie,Tyler,American Express,2024-09-11,550.37
463,Ryan,Rowland,Visa,2024-10-24,698.28
464,Angela,Knox,Mastercard,2024-10-07,273.68
465,Jermaine,Arnold,Visa,2024-08-11,249.33
466,Michelle,Harmon,Cash,2024-09-27,174.23
467,Kyle,Dunn,PayPal,2024-09-27,730.07
468,Pamela,Ward,PayPal,2024-09-14,590.03
469,Rhonda,Knapp,PayPal,2024-10-09,934.83
470,Elizabeth,Hicks,Mastercard,2024-10-14,341.04
471,Jessica,Stewart,PayPal,2024-08-22,756.46
472,Heidi,Sanchez,American Express,2024-09-24,588.6
473,Anthony,Russell,Visa,2024-09-10,988.33
474,Deborah,Lewis,Cash,2024-09-09,726.58
475,David,Fleming,Visa,2024-11-04,354.64
476,Ryan,Peterson,Cash,2024-08-10,580.0
477,Debbie,Howard,Visa,2024-08-17,768.33
478,David,Allen,Mastercard,2024-08-17,691.05
479,Donna,Sanchez,Mastercard,2024-08-18,252.47
480,Lori,Kelly,Mastercard,2024-09-23,654.66
481,Richard,Hooper,Cash,2024-11-01,588.22
482,Jennifer,Ortiz,American Express,2024-10-18,453.54
483,Matthew,Ramirez,American Express,2024-08-13,813.26
484,Courtney,Lynch,Visa,2024-10-02,979.84
485,Brenda,Parker,Cash,2024-08-12,985.4
486,Dillon,Rivera,Cash,2024-10-03,140.65
487,Beth,Taylor,Mastercard,2024-08-24,553.85
488,Aaron,Wise,Visa,2024-08-18,859.62
489,Todd,Shaw,American Express,2024-10-19,649.25
490,Charles,Wilson,American Express,2024-10-26,944.34
491,Alexander,Sims,American Express,2024-10-23,135.87
492,Morgan,Knapp,Cash,2024-09-17,232.08
493,Michael,Smith,Visa,2024-09-16,345.38
494,Travis,Harmon,Cash,2024-08-24,987.4
495,Karen,Rich,PayPal,2024-08-10,445.31
496,Sean,Russo,PayPal,2024-08-10,970.06
497,Kaitlin,Jones,Visa,2024-08-18,594.68
498,Teresa,Morrow,Mastercard,2024-08-16,631.36
499,Cheryl,Hayes,Visa,2024-10-10,775.19
500,Timothy,White,Visa,2024-09-12,828.17
501,Daniel,Roberts,PayPal,2024-09-11,142.13
502,Rebecca,Beck,American Express,2024-10-29,200.81
503,Sharon,Collins,American Express,2024-10-02,388.93
504,Sarah,Chapman,Visa,2024-08-29,261.78
505,Amanda,Cox,Cash,2024-10-21,654.05
506,Jeffrey,Baker,PayPal,2024-08-14,441.93
507,Sherri,Haney,Mastercard,2024-08-15,674.3
508,Julie,Downs,Cash,2024-09-12,193.97
509,Seth,Jackson,Visa,2024-09-11,693.13
510,Darlene,Moore,Visa,2024-10-11,956.66
511,Karen,Mccormick,American Express,2024-08-22,265.98
512,Ricardo,Floyd,Cash,2024-10-06,952.22
513,Ashley,Manning,PayPal,2024-09-21,384.69
514,James,Thomas,PayPal,2024-09-21,368.29
515,Patrick,Campbell,Mastercard,2024-09-13,195.0
516,Juan,Webb,Visa,2024-08-18,134.27
517,Emily,Clark,PayPal,2024-10-04,383.98
518,Sabrina,Gonzalez,Cash,2024-08-12,609.24
519,Peter,Franco,American Express,2024-08-11,596.71
520,Colin,Stewart,American Express,2024-09-08,217.08
521,Connor,Schroeder,Cash,2024-10-24,333.94
522,Tyler,Green,Visa,2024-09-11,481.61
523,Jacob,Kelley,Cash,2024-09-17,165.32
524,Katie,Norton,PayPal,2024-09-07,906.27
525,Elizabeth,Boyle,Mastercard,2024-09-01,733.15
526,Audrey,Diaz,American Express,2024-09-21,815.85
527,Samantha,Kelley,American Express,2024-10-05,407.48
528,Lori,Juarez,Visa,2024-08-29,158.07
529,Todd,Sanders,PayPal,2024-10-18,771.32
530,Dylan,Gonzales,American Express,2024-09-02,143.17
531,Kimberly,Moses,Cash,2024-10-09,147.79
532,Vanessa,Gomez,American Express,2024-09-22,210.59
533,Mary,Costa,Visa,2024-10-25,212.54
534,Jeremy,Smith,Mastercard,2024-09-24,216.46
535,Kevin,Lucas,Visa,2024-09-27,914.04
536,Catherine,Miller,Visa,2024-09-26,591.81
537,Misty,Scott,Visa,2024-08-19,666.74
538,Richard,Brock,Cash,2024-10-07,103.02
539,Lisa,Arnold,Cash,2024-10-27,388.44
540,Heather,Herring,Visa,2024-09-07,554.4
541,Keith,Gonzales,Cash,2024-09-28,180.98
542,Dennis,Baxter,American Express,2024-10-31,582.89
543,Shawn,Evans,Cash,2024-10-14,903.25
544,William,Ramos,Mastercard,2024-10-31,851.26
545,Alexis,Phillips,PayPal,2024-09-21,10.49
546,Kimberly,Hughes,American Express,2024-09-07,345.68
547,Ross,Saunders,Cash,2024-09-01,624.2
548,Robin,Ochoa,Cash,2024-08-15,661.44
549,Jonathan,Novak,Mastercard,2024-08-13,764.38
550,Gabriel,Castro,PayPal,2024-09-03,799.92
551,Susan,Carter,Visa,2024-09-25,952.29
552,Jacob,Evans,Cash,2024-11-04,949.21
553,Jamie,Jordan,Visa,2024-08-11,77.35
554,Thomas,Ramirez,Mastercard,2024-08-10,713.82
555,Crystal,Johnson,Mastercard,2024-09-17,860.79
556,Jacob,Mendoza,PayPal,2024-09-12,361.21
557,Rebecca,Shepard,Mastercard,2024-08-16,334.85
558,Phillip,Lawrence,Mastercard,2024-10-21,689.04
559,Joseph,Cummings,Mastercard,2024-10-30,192.6
560,Michael,Medina,Cash,2024-09-28,35.74
561,Hannah,Hudson,Cash,2024-08-27,459.79
562,Cindy,Jones,Visa,2024-08-08,27.28
563,Ronald,Dunn,Cash,2024-10-26,426.92
564,Kelly,Bell,Visa,2024-09-20,627.18
565,Helen,Williams,American Express,2024-08-09,426.09
566,Andrea,Delgado,PayPal,2024-10-15,806.03
567,David,Cain,Visa,2024-09-11,193.49
568,Howard,Jackson,American Express,2024-10-26,325.83
569,Betty,French,Cash,2024-09-04,791.97
570,Steven,Peterson,Cash,2024-08-15,460.38
571,Kyle,Bell,PayPal,2024-10-30,945.42
572,Kristopher,Martin,Mastercard,2024-11-01,946.85
573,Bobby,Hill,American Express,2024-10-17,71.44
574,Ryan,Molina,PayPal,2024-11-02,363.65
575,Leonard,Carter,American Express,2024-09-24,701.46
576,Alexander,Lewis,Visa,2024-09-10,957.48
577,David,Holland,American Express,2024-10-16,493.37
578,Andrew,Smith,Cash,2024-09-30,515.31
579,Jeremy,Aguirre,American Express,2024-10-29,515.87
580,Robert,Mooney,American Express,2024-10-28,778.56
581,Bradley,Humphrey,Visa,2024-09-07,152.06
582,Duane,Dunlap,Visa,2024-09-25,257.79
583,Michael,Davis,PayPal,2024-08-17,589.9
584,Kevin,Powers,Visa,2024-09-25,409.19
585,Andrew,Christensen,Visa,2024-08-12,998.26
586,Mary,Cummings,Cash,2024-10-14,314.11
587,Manuel,Gilbert,Cash,2024-09-18,303.87
588,Derrick,Shaw,American Express,2024-09-21,175.92
589,Anthony,Lewis,Mastercard,2024-10-25,863.77
590,Eugene,Douglas,American Express,2024-11-01,995.77
591,Jenna,Walton,Cash,2024-10-02,128.15
592,Andrea,Rodgers,PayPal,2024-10-17,387.86
593,Crystal,Adams,American Express,2024-09-09,34.71
594,Jason,Reyes,American Express,2024-10-13,193.92
595,Tracy,Phillips,PayPal,2024-10-10,877.04
596,Thomas,Parker,Mastercard,2024-09-18,59.14
597,Megan,Hamilton,PayPal,2024-08-08,398.44
598,Douglas,Atkins,Visa,2024-10-29,507.61
599,Anna,Martin,American Express,2024-08-27,761.41
600,Jason,Smith,American Express,2024-08-28,995.6
601,Kevin,Flynn,Visa,2024-10-31,95.8
602,Joshua,Smith,Mastercard,2024-10-29,938.45
603,Jessica,Fry,PayPal,2024-09-15,660.69
604,Michael,Miller,Visa,2024-09-07,110.39
605,Ann,Davis,Visa,2024-08-13,966.64
606,Jason,Mejia,Mastercard,2024-08-15,360.8
607,David,Pacheco,PayPal,2024-09-29,202.44
608,Vanessa,Caldwell,Mastercard,2024-11-03,416.57
609,Lisa,Fuentes,Visa,2024-08-15,290.38
610,Tyler,Lowe,PayPal,2024-11-03,774.69
611,Michael,Kelley,Cash,2024-09-07,267.53
612,Erik,Rose,PayPal,2024-08-22,617.18
613,Jeffrey,Higgins,Cash,2024-09-09,910.17
614,Jeffrey,Carroll,Cash,2024-10-24,521.67
615,Ronnie,Riddle,Mastercard,2024-09-14,200.78
616,Kelly,Brown,Cash,2024-08-31,802.18
617,Kimberly,Allen,Cash,2024-09-17,852.06
618,Jeremy,Espinoza,Visa,2024-09-05,440.18
619,Ashley,Brown,American Express,2024-10-30,812.41
620,Brian,Cooper,Visa,2024-10-29,567.91
621,Adrian,Harris,Mastercard,2024-09-08,436.03
622,Evan,Norman,PayPal,2024-08-09,345.34
623,Richard,Kline,Mastercard,2024-10-22,207.7
624,Angela,Hamilton,Cash,2024-10-22,525.78
625,Jack,Reid,Cash,2024-09-01,226.54
626,Joseph,Wells,Visa,2024-09-19,261.79
627,Christine,Mitchell,Mastercard,2024-09-18,214.14
628,Jay,Martinez,PayPal,2024-08-19,673.06
629,Gabriel,Alvarado,Visa,2024-08-11,705.99
630,David,Martin,Mastercard,2024-10-13,945.55
631,Charles,Perry,Cash,2024-09-19,810.6
632,Scott,Wolf,Visa,2024-08-17,997.57
633,Jessica,Smith,American Express,2024-08-29,28.35
634,Valerie,Bowman,PayPal,2024-09-22,640.11
635,Natasha,Bishop,PayPal,2024-10-15,342.97
636,Mary,Ellis,Mastercard,2024-08-31,83.88
637,Keith,Garcia,PayPal,2024-08-27,670.16
638,Carlos,Gamble,Cash,2024-09-11,837.95
639,Lauren,Collins,Visa,2024-10-12,641.93
640,Teresa,Garcia,Visa,2024-10-07,514.66
641,Kimberly,Bradford,Visa,2024-10-21,502.22
642,Crystal,Brown,Cash,2024-10-16,761.68
643,Jeffrey,Davis,Mastercard,2024-09-01,361.15
644,Nathan,Simmons,PayPal,2024-09-17,967.48
645,James,Miller,PayPal,2024-10-03,195.3
646,Nicole,Haynes,Mastercard,2024-09-27,832.11
647,Donald,Allen,Cash,2024-09-15,105.48
648,Lauren,Simpson,Mastercard,2024-10-05,618.84
649,Stephen,Washington,Mastercard,2024-08-23,278.31
650,Louis,Mccullough,PayPal,2024-08-18,970.58
651,Donna,Gomez,Mastercard,2024-08-26,935.75
652,Sharon,Neal,Mastercard,2024-10-22,975.54
653,Steven,Williams,Visa,2024-09-18,621.13
654,Andrew,White,American Express,2024-10-23,74.61
655,Antonio,Ochoa,Visa,2024-08-29,544.41
656,Barbara,Ellis,Cash,2024-09-19,956.73
657,Lauren,Grant,Mastercard,2024-09-19,425.95
658,Christy,Evans,Cash,2024-09-08,736.81
659,Anthony,Huerta,Visa,2024-09-25,120.59
660,Darren,Pugh,Cash,2024-09-14,559.82
661,Timothy,Jennings,PayPal,2024-10-25,276.34
662,Bobby,Mcmillan,Visa,2024-09-19,796.4
663,Oscar,Anderson,American Express,2024-09-28,376.04
664,Cody,Collins,Cash,2024-08-23,497.12
665,Taylor,Roberts,Mastercard,2024-08-27,340.25
666,Kristina,Black,Visa,2024-11-03,359.56
667,Martin,Bell,Cash,2024-10-16,843.25
668,Sergio,Arnold,American Express,2024-09-24,46.18
669,Jaime,Wolf,Cash,2024-08-19,206.26
670,John,Butler,American Express,2024-08-08,333.23
671,Dennis,Allen,Visa,2024-10-21,939.46
672,Janice,Brown,PayPal,2024-10-02,668.79
673,David,Wilson,American Express,2024-10-07,688.83
674,Richard,Fowler,American Express,2024-08-30,18.7
675,Adam,Rasmussen,Mastercard,2024-10-18,148.12
676,James,Tran,Mastercard,2024-08-17,23.54
677,Tara,Meyer,Cash,2024-08-25,903.31
678,Daniel,Horton,Mastercard,2024-09-12,605.88
679,Scott,Carpenter,Cash,2024-09-19,630.65
680,Gerald,Cox,PayPal,2024-10-22,490.36
681,Donna,Perry,Cash,2024-08-09,89.2
682,Janice,Williams,PayPal,2024-09-20,790.77
683,Leslie,Young,Mastercard,2024-08-31,414.44
684,Emily,Brown,Cash,2024-09-30,499.33
685,Christopher,White,Cash,2024-08-31,630.58
686,Julie,Mann,Cash,2024-08-18,267.17
687,Jason,Bishop,Visa,2024-08-08,512.05
688,Jennifer,Schmidt,Visa,2024-10-04,293.02
689,Sharon,Hopkins,Cash,2024-08-18,969.17
690,Holly,Stein,PayPal,2024-09-21,149.49
691,Theodore,Salas,PayPal,2024-10-24,702.32
692,David,Church,Mastercard,2024-08-14,592.49
693,Alexandra,Kirk,American Express,2024-10-31,229.89
694,Jacob,Little,PayPal,2024-08-25,544.57
695,Paul,Allen,PayPal,2024-08-09,818.8
696,Timothy,Thomas,Cash,2024-10-15,709.68
697,Amy,Roberts,Cash,2024-10-05,407.22
698,Tammy,Hernandez,Cash,2024-10-05,236.7
699,Jordan,Moore,Mastercard,2024-09-21,968.44
700,Patrick,Stanton,American Express,2024-10-11,115.9
701,Alicia,Griffin,American Express,2024-10-01,338.37
702,Matthew,Gutierrez,PayPal,2024-08-24,597.59
703,Philip,Kelly,Mastercard,2024-10-05,822.46
704,Amanda,Pope,American Express,2024-09-13,23.25
705,Alejandro,Duncan,PayPal,2024-08-22,218.09
706,Emily,Williams,American Express,2024-08-13,104.03
707,Jacob,Alvarez,Mastercard,2024-11-04,452.74
708,Thomas,Barnes,American Express,2024-08-13,535.91
709,Michael,Smith,Cash,2024-09-27,755.07
710,Amanda,Wong,Cash,2024-09-23,244.78
711,Arthur,Carpenter,Cash,2024-10-12,553.04
712,Kaitlyn,Richardson,Mastercard,2024-09-07,497.67
713,Robert,Hines,Visa,2024-08-14,682.19
714,Margaret,Frazier,PayPal,2024-10-31,478.7
715,Sharon,Patel,Cash,2024-08-17,921.11
716,Sarah,Rodriguez,Mastercard,2024-09-23,910.53
717,Blake,Ayala,Mastercard,2024-08-30,610.25
718,Monica,Jimenez,Cash,2024-09-10,676.31
719,Natasha,Crawford,Mastercard,2024-10-14,71.95
720,Whitney,Schneider,Cash,2024-11-01,350.67
721,Terri,Owens,Mastercard,2024-08-26,881.75
722,Jeanne,Morrison,Visa,2024-09-01,669.78
723,Jessica,Lynch,Cash,2024-09-26,641.51
724,Sandra,Ochoa,PayPal,2024-10-20,408.9
725,Whitney,Alexander,Mastercard,2024-10-31,951.23
726,James,Cruz,Visa,2024-09-25,785.93
727,Veronica,Fletcher,Cash,2024-09-28,182.51
728,Jeffrey,Ritter,American Express,2024-10-26,960.72
729,Mark,Campbell,Visa,2024-08-07,50.03
730,Stephen,Coleman,American Express,2024-10-07,681.5
731,Joseph,White,Mastercard,2024-10-21,758.7
732,Christopher,Jones,Cash,2024-08-22,829.44
733,Valerie,Gomez,American Express,2024-09-28,90.81
734,Michelle,Huang,Visa,2024-08-30,693.38
735,Billy,Gonzalez,American Express,2024-08-16,330.33
736,Jonathan,Powers,American Express,2024-10-26,436.14
737,Stephanie,Jimenez,PayPal,2024-09-10,239.8
738,Crystal,Buchanan,Cash,2024-09-06,717.44
739,Matthew,Hughes,American Express,2024-10-01,626.14
740,Donna,Stephens,PayPal,2024-08-19,889.86
741,Stacey,Johnson,Mastercard,2024-10-11,460.5
742,Caitlin,Thompson,Cash,2024-11-02,689.96
743,Rhonda,Wilson,American Express,2024-10-22,712.74
744,Krystal,Donovan,Mastercard,2024-09-02,239.13
745,Stephanie,Carlson,Cash,2024-09-16,40.99
746,Robert,Duke,American Express,2024-09-06,283.42
747,Maria,Martin,Visa,2024-09-13,989.95
748,Madison,Meza,PayPal,2024-10-16,628.55
749,Tami,Marsh,American Express,2024-09-25,668.52
750,Jeremy,Baker,Visa,2024-10-12,596.4
751,Melanie,Wallace,Mastercard,2024-09-29,737.01
752,Samantha,Gomez,Mastercard,2024-09-29,727.64
753,Sheila,Poole,Mastercard,2024-11-03,125.2
754,William,Gilbert,Cash,2024-08-29,135.37
755,William,Fuller,American Express,2024-09-30,489.27
756,Allison,Moses,PayPal,2024-09-05,757.17
757,Danielle,Pace,Visa,2024-10-17,809.74
758,Robert,Sanders,Visa,2024-09-06,564.65
759,Cesar,Nicholson,Cash,2024-09-03,680.13
760,Edward,Johnson,Cash,2024-09-16,174.52
761,Rachel,Burton,PayPal,2024-09-03,664.52
762,Richard,Thomas,Cash,2024-08-13,597.89
763,Aaron,Reed,Cash,2024-10-08,110.4
764,Bradley,Martinez,Visa,2024-10-12,295.39
765,Shannon,Walker,PayPal,2024-09-04,84.91
766,Joseph,Curtis,Cash,2024-09-24,517.99
767,Monica,Smith,American Express,2024-10-30,228.01
768,Wendy,Lucas,Cash,2024-10-29,632.65
769,Brandon,Klein,PayPal,2024-09-29,918.2
770,Richard,Spears,American Express,2024-11-04,559.39
771,Barbara,Hoffman,American Express,2024-09-10,331.02
772,Vanessa,Thompson,PayPal,2024-10-12,118.87
773,Brett,Bright,Visa,2024-08-17,176.93
774,Thomas,Gomez,Visa,2024-09-21,487.59
775,Sharon,Patrick,Mastercard,2024-09-07,728.19
776,Jessica,Sullivan,Visa,2024-11-02,466.06
777,Daniel,Rivera,Visa,2024-09-03,844.72
778,Shawn,Moreno,Mastercard,2024-10-14,105.83
779,Christine,Mitchell,American Express,2024-08-14,257.44
780,Mark,Hart,American Express,2024-08-18,939.04
781,Susan,Wright,PayPal,2024-10-22,323.82
782,John,Juarez,Cash,2024-08-16,297.1
783,Kathryn,Thomas,American Express,2024-10-31,634.22
784,Matthew,Morse,PayPal,2024-10-15,242.87
785,Amanda,Rodriguez,PayPal,2024-10-26,62.12
786,Michael,Lawson,Mastercard,2024-08-24,724.87
787,Gary,Gallegos,Mastercard,2024-09-13,266.63
788,Kerri,Schultz,Mastercard,2024-10-20,295.22
789,Felicia,Vasquez,PayPal,2024-09-22,243.97
790,Angela,Barker,American Express,2024-11-04,213.62
791,Kenneth,Ellis,Mastercard,2024-08-22,14.96
792,Jeffrey,Johnson,PayPal,2024-09-29,247.06
793,Sydney,Long,American Express,2024-10-06,958.39
794,Tyrone,Thomas,Visa,2024-08-11,593.65
795,James,Gray,PayPal,2024-09-19,339.35
796,Sean,Stokes,Visa,2024-08-15,285.29
797,Lawrence,Faulkner,Cash,2024-09-06,462.52
798,Michael,Snyder,Mastercard,2024-08-30,954.4
799,Jonathan,Robinson,Mastercard,2024-10-08,628.82
800,Thomas,Johnson,Mastercard,2024-10-15,61.32
801,Adam,Campbell,Cash,2024-09-25,970.79
802,Nicholas,Castillo,Visa,2024-09-13,185.56
803,Luis,West,PayPal,2024-08-17,609.35
804,Sharon,Green,PayPal,2024-10-17,119.34
805,Gina,Rodriguez,Visa,2024-10-10,724.47
806,Diana,Casey,American Express,2024-09-02,330.11
807,Mary,Hall,Cash,2024-09-13,918.77
808,Gabriel,Evans,PayPal,2024-09-21,823.3
809,Kimberly,Johnson,Mastercard,2024-09-12,931.34
810,Peter,Payne,Visa,2024-10-08,218.22
811,Daniel,Newman,PayPal,2024-08-30,323.47
812,Luis,Hale,American Express,2024-08-14,956.27
813,Jessica,Velasquez,Cash,2024-09-09,117.44
814,Austin,Williams,Cash,2024-09-18,46.79
815,John,Edwards,Mastercard,2024-08-17,49.74
816,Michael,Nguyen,PayPal,2024-10-30,719.62
817,Erin,Jackson,PayPal,2024-10-06,137.13
818,Trevor,Sullivan,American Express,2024-09-14,462.65
819,Lisa,Oliver,Mastercard,2024-10-19,573.89
820,James,Strong,American Express,2024-09-08,407.12
821,Katelyn,Joseph,Cash,2024-09-15,982.35
822,Tyler,Mendoza,Cash,2024-09-18,877.28
823,Jennifer,Pearson,American Express,2024-11-04,926.57
824,Scott,Martin,American Express,2024-09-29,737.93
825,Dean,Williams,American Express,2024-09-05,812.58
826,Laurie,Gonzalez,Cash,2024-09-04,364.31
827,Ann,Newton,PayPal,2024-10-25,852.43
828,Yvette,Woods,PayPal,2024-09-14,542.11
829,Stuart,Bowers,PayPal,2024-10-01,93.6
830,James,Russell,Visa,2024-09-01,709.19
831,Paul,Erickson,Visa,2024-09-06,416.65
832,Mary,Evans,PayPal,2024-09-24,223.84
833,Michael,Pearson,American Express,2024-09-24,27.44
834,Gail,Simmons,Mastercard,2024-10-18,98.81
835,Jacob,Valdez,Mastercard,2024-09-22,618.3
836,Justin,Gutierrez,Cash,2024-09-26,686.61
837,Colleen,Henry,PayPal,2024-09-23,988.66
838,Mary,Allen,PayPal,2024-09-09,331.77
839,Maria,Patrick,Cash,2024-10-01,77.0
840,Christopher,Daniels,PayPal,2024-10-16,717.9
841,Alexandra,Townsend,Mastercard,2024-09-14,392.58
842,Traci,Wright,Mastercard,2024-10-16,626.32
843,Joseph,Mcintosh,Mastercard,2024-09-28,253.2
844,Kimberly,Rivera,Visa,2024-09-17,509.52
845,Danielle,Wagner,Visa,2024-10-18,248.29
846,Sharon,Mercer,Visa,2024-08-25,508.45
847,Jeffrey,Hawkins,Mastercard,2024-09-13,631.42
848,Joseph,Gordon,Cash,2024-08-28,56.85
849,Dustin,Smith,Visa,2024-09-15,327.74
850,Jessica,Hopkins,Cash,2024-10-13,283.43
851,Elizabeth,Morales,Visa,2024-10-24,899.52
852,Ryan,Hines,PayPal,2024-10-12,418.68
853,Tammy,Valdez,Visa,2024-10-30,44.82
854,Stephanie,Conrad,PayPal,2024-08-19,588.45
855,Sonya,Hebert,PayPal,2024-10-26,326.44
856,Leah,Dixon,Cash,2024-09-04,461.16
857,John,Smith,Visa,2024-08-31,547.95
858,Gabrielle,Browning,Cash,2024-10-28,420.64
859,William,Barnett,PayPal,2024-09-06,407.4
860,Christina,Chang,Mastercard,2024-10-19,207.91
861,Cheryl,Wilson,Mastercard,2024-10-21,781.74
862,Tiffany,White,American Express,2024-09-21,83.56
863,Kenneth,Rose,PayPal,2024-09-11,28.91
864,Eric,Williams,American Express,2024-10-17,191.72
865,Madison,Clark,American Express,2024-09-26,621.7
866,James,Jenkins,American Express,2024-08-19,992.32
867,Michael,Hudson,Cash,2024-08-18,347.77
868,Dean,Yang,Mastercard,2024-09-10,237.22
869,Patricia,Lamb,American Express,2024-08-30,722.07
870,Elizabeth,Drake,Mastercard,2024-08-18,641.94
871,Tanya,Fernandez,Visa,2024-08-31,172.11
872,Debbie,Ramirez,Cash,2024-08-30,733.04
873,Matthew,Brown,Visa,2024-08-12,982.06
874,Paul,Cox,Mastercard,2024-08-22,935.82
875,Benjamin,Sloan,American Express,2024-10-01,217.68
876,Jason,Long,Cash,2024-08-20,861.87
877,Connie,Simpson,Visa,2024-08-15,328.77
878,Samuel,Davis,American Express,2024-10-26,126.31
879,Elizabeth,Morgan,PayPal,2024-10-12,901.19
880,Debra,Tucker,Visa,2024-09-10,314.61
881,Patricia,Hobbs,Visa,2024-10-01,175.54
882,Laura,Mills,American Express,2024-08-30,910.25
883,Douglas,Wells,PayPal,2024-09-10,783.82
884,Alfred,Black,American Express,2024-10-02,813.89
885,Brianna,Hill,Mastercard,2024-08-27,247.86
886,Patrick,Harris,PayPal,2024-09-30,670.64
887,Amy,Kim,Visa,2024-08-28,86.49
888,Ashley,Acevedo,Visa,2024-08-21,337.7
889,Jason,Gilbert,Visa,2024-09-04,229.45
890,Jessica,Kelley,PayPal,2024-09-10,133.6
891,Stephanie,Montes,Cash,2024-11-03,927.74
892,Adam,Barnett,PayPal,2024-10-03,686.05
893,Susan,Case,Visa,2024-09-17,296.6
894,Claire,Pace,Visa,2024-11-02,127.19
895,Amber,Mcfarland,American Express,2024-08-09,89.5
896,Brian,Pugh,PayPal,2024-09-18,302.95
897,Bryan,Harris,PayPal,2024-10-22,728.82
898,Miguel,Castillo,American Express,2024-10-10,733.11
899,Lisa,Reeves,Cash,2024-10-09,156.05
900,Laura,Lara,Cash,2024-08-12,427.7
901,Kristine,Perez,American Express,2024-09-20,770.08
902,Jeffrey,Bruce,Mastercard,2024-09-06,386.54
903,James,Carlson,American Express,2024-08-27,355.21
904,Allison,Patel,Cash,2024-09-03,563.94
905,Brandi,Williams,Cash,2024-10-22,518.17
906,Kristy,Mann,PayPal,2024-09-10,414.28
907,Julia,Lee,Cash,2024-10-10,860.04
908,Kristy,Nielsen,Mastercard,2024-08-18,892.25
909,Abigail,Lee,Mastercard,2024-10-27,111.93
910,Evelyn,Kelley,PayPal,2024-10-13,946.99
911,Matthew,Tucker,Mastercard,2024-10-17,358.21
912,James,Cohen,Cash,2024-09-29,669.67
913,Hannah,Smith,Visa,2024-08-24,311.5
914,Lisa,Ford,PayPal,2024-09-10,152.52
915,Jose,Terry,American Express,2024-08-20,564.58
916,Rachel,Johnson,Visa,2024-08-21,461.52
917,Patricia,Gilmore,Cash,2024-10-03,167.09
918,Vanessa,Stanley,Mastercard,2024-10-13,996.87
919,Travis,Long,American Express,2024-09-02,175.43
920,Debra,Bonilla,Mastercard,2024-08-31,879.45
921,Sonya,Case,Cash,2024-09-03,514.66
922,Mark,Hood,Visa,2024-08-24,938.94
923,Melanie,Stevens,PayPal,2024-10-21,788.23
924,John,Parker,PayPal,2024-10-30,238.0
925,Bryan,Moore,Visa,2024-09-21,204.08
926,Andrew,Russell,Cash,2024-10-21,867.28
927,John,Barnett,Mastercard,2024-10-07,50.63
928,Samuel,Jones,Cash,2024-10-06,987.15
929,Mary,Murray,Visa,2024-11-01,886.06
930,Kathleen,Mcmillan,American Express,2024-10-07,254.55
931,Dennis,Parker,Visa,2024-09-21,693.53
932,Paul,Moran,Mastercard,2024-08-31,817.4
933,Russell,Eaton,American Express,2024-10-08,898.31
934,Zachary,Thompson,PayPal,2024-10-06,619.5
935,Matthew,Jones,Cash,2024-08-21,670.16
936,John,Lopez,Visa,2024-10-20,537.32
937,Kathleen,Espinoza,PayPal,2024-10-20,23.09
938,Zachary,Williams,PayPal,2024-10-15,563.92
939,Sarah,Lopez,American Express,2024-08-15,31.15
940,Christopher,Moore,Mastercard,2024-09-02,24.79
941,Steven,Harrell,Cash,2024-09-07,621.19
942,Diana,Whitaker,Mastercard,2024-10-08,579.74
943,Cindy,Johnson,Cash,2024-09-12,475.57
944,Robert,Stanton,Mastercard,2024-09-21,593.16
945,Donna,Snyder,Mastercard,2024-09-02,776.43
946,Rachel,Campbell,Mastercard,2024-09-01,388.42
947,Peter,Combs,PayPal,2024-08-12,524.34
948,Kyle,Dean,Mastercard,2024-11-01,362.2
949,Robert,Tate,PayPal,2024-08-14,833.39
950,Steven,Barajas,American Express,2024-10-20,552.49
951,Jacob,Cortez,Mastercard,2024-09-19,148.13
952,Christopher,White,American Express,2024-09-04,921.79
953,Henry,Mcdowell,PayPal,2024-09-20,632.09
954,Dustin,Little,PayPal,2024-11-03,798.93
955,Cynthia,Zuniga,Visa,2024-09-06,531.17
956,Anthony,Harding,PayPal,2024-10-02,674.04
957,Kelly,Gilbert,PayPal,2024-09-09,675.43
958,Jose,Garcia,Cash,2024-09-26,372.77
959,Felicia,Graham,Visa,2024-08-12,309.18
960,Amy,Byrd,Visa,2024-09-25,510.58
961,Christina,Powers,Mastercard,2024-10-06,905.01
962,Amy,Briggs,American Express,2024-09-25,793.1
963,Whitney,King,Cash,2024-09-06,826.99
964,Johnny,Lopez,PayPal,2024-09-22,782.99
965,Julia,Middleton,PayPal,2024-09-12,898.78
966,Lisa,Avila,PayPal,2024-10-20,843.06
967,Jasmine,Wiley,American Express,2024-10-30,996.08
968,Justin,Morgan,Cash,2024-11-03,885.42
969,Eric,Duncan,Mastercard,2024-09-02,899.58
970,Mark,Knight,Mastercard,2024-08-13,520.0
971,Elizabeth,Kirk,PayPal,2024-09-25,402.26
972,Carly,Owens,Cash,2024-09-06,40.46
973,Robert,Becker,Cash,2024-08-10,861.25
974,Daniel,Luna,Cash,2024-10-20,839.12
975,Garrett,Patrick,Mastercard,2024-09-07,104.05
976,John,Wolf,PayPal,2024-08-08,474.33
977,Larry,Mcknight,Cash,2024-10-01,456.4
978,Austin,Ortiz,PayPal,2024-08-17,769.92
979,William,Sharp,PayPal,2024-10-16,792.36
980,Cameron,Rivera,American Express,2024-10-19,974.89
981,Joan,Wong,Visa,2024-09-16,166.13
982,Kenneth,Walsh,Cash,2024-09-23,175.41
983,Amy,Hanson,Visa,2024-08-13,598.06
984,Eric,Coleman,American Express,2024-08-30,79.81
985,Judy,Montgomery,PayPal,2024-09-22,427.01
986,Sean,Mcgee,Visa,2024-09-22,709.23
987,Dillon,Lopez,PayPal,2024-08-27,179.74
988,Rachel,Wiley,American Express,2024-09-11,454.18
989,Emily,Young,PayPal,2024-09-23,464.95
990,Mary,Ross,Cash,2024-08-17,905.01
991,Eric,Ramos,Cash,2024-09-02,302.3
992,Darren,Fritz,Mastercard,2024-10-30,477.6
993,Kristine,Hess,Cash,2024-10-11,130.26
994,Perry,Rangel,Cash,2024-09-17,326.48
995,Dawn,Johnson,Mastercard,2024-10-13,153.43
996,Lindsey,Blanchard,Visa,2024-10-10,533.19
997,Ashley,Kramer,Visa,2024-08-21,775.95
998,Joanna,Lynn,PayPal,2024-10-13,747.55
999,Anthony,Morrison,Cash,2024-11-01,101.9
1000,John,Figueroa,American Express,2024-09-20,18.69
